Workbook

Sheet Chart
A1: A360 Advanced=A360A;A360 Master=A360M;PL-200=PL200
A2: 1 | D2: 2 | H2: 3 | M2: 4
A3: Condition | D3: Condition | H3: Condition | M3: Condition
A4: 1.Range:Certified in 2022 | D4: 1.Range:Roll in 2023 | H4: 1.Range: Roll Off in 2022,2023 | M4: 1.Range: Certified in 2022,2023
A5: 2.Active members | H5: 2.Roll off reason | M5: 2.Active members
A6: Group | B6: Total Points | D6: Group | E6: SubTeam | F6: Resource Number | H6: Group | I6: Transfer | J6: Resign | M6: CertVersion | N6: Valid Certification Number
A7: Finance | B7: =IF(_xlfn.IFNA(VLOOKUP(A7,Pivot!A:B,2,0),"")=0,"",_xlfn.IFNA(VLOOKUP(A7,Pivot!A:B,2,0),"")) -> 491500 | D7: Finance | E7: Finance1 | F7: =IF(_xlfn.IFNA(VLOOKUP(D7&E7,Pivot!E:F,2,0),"")=0,"",_xlfn.IFNA(VLOOKUP(D7&E7,Pivot!E:F,2,0),"")) -> 49 | H7: Finance | I7: =IF(_xlfn.IFNA(VLOOKUP(H7,Pivot!I:L,2,0),"")=0,"",_xlfn.IFNA(VLOOKUP(H7,Pivot!I:L,2,0),"")) -> 5 | J7: =IF(_xlfn.IFNA(VLOOKUP(H7,Pivot!I:K,3,0),"")=0,"",_xlfn.IFNA(VLOOKUP(H7,Pivot!I:K,3,0),"")) -> 13 | M7: PL-100 | N7: =IF(_xlfn.IFNA(VLOOKUP(M7,Pivot!N:O,2,0),"")=0,"",_xlfn.IFNA(VLOOKUP(M7,Pivot!N:O,2,0),"")) -> 14
A8: Tech | B8: =IF(_xlfn.IFNA(VLOOKUP(A8,Pivot!A:B,2,0),"")=0,"",_xlfn.IFNA(VLOOKUP(A8,Pivot!A:B,2,0),"")) | D8: Finance | E8: Finance2 | F8: =IF(_xlfn.IFNA(VLOOKUP(D8&E8,Pivot!E:F,2,0),"")=0,"",_xlfn.IFNA(VLOOKUP(D8&E8,Pivot!E:F,2,0),"")) -> 14 | H8: Tech | I8: =IF(_xlfn.IFNA(VLOOKUP(H8,Pivot!I:L,2,0),"")=0,"",_xlfn.IFNA(VLOOKUP(H8,Pivot!I:L,2,0),"")) -> 4 | J8: =IF(_xlfn.IFNA(VLOOKUP(H8,Pivot!I:K,3,0),"")=0,"",_xlfn.IFNA(VLOOKUP(H8,Pivot!I:K,3,0),"")) -> 12 | M8: Pl-200 | N8: =IF(_xlfn.IFNA(VLOOKUP(M8,Pivot!N:O,2,0),"")=0,"",_xlfn.IFNA(VLOOKUP(M8,Pivot!N:O,2,0),"")) -> 1
A9: Sales | B9: =IF(_xlfn.IFNA(VLOOKUP(A9,Pivot!A:B,2,0),"")=0,"",_xlfn.IFNA(VLOOKUP(A9,Pivot!A:B,2,0),"")) -> 30500 | D9: HR | F9: =IF(_xlfn.IFNA(VLOOKUP(D9&E9,Pivot!E:F,2,0),"")=0,"",_xlfn.IFNA(VLOOKUP(D9&E9,Pivot!E:F,2,0),"")) -> 22 | H9: Sales | I9: =IF(_xlfn.IFNA(VLOOKUP(H9,Pivot!I:L,2,0),"")=0,"",_xlfn.IFNA(VLOOKUP(H9,Pivot!I:L,2,0),"")) -> 1 | J9: =IF(_xlfn.IFNA(VLOOKUP(H9,Pivot!I:K,3,0),"")=0,"",_xlfn.IFNA(VLOOKUP(H9,Pivot!I:K,3,0),"")) -> 5 | M9: PL-300 | N9: =IF(_xlfn.IFNA(VLOOKUP(M9,Pivot!N:O,2,0),"")=0,"",_xlfn.IFNA(VLOOKUP(M9,Pivot!N:O,2,0),"")) -> 2
A10: HR | B10: =IF(_xlfn.IFNA(VLOOKUP(A10,Pivot!A:B,2,0),"")=0,"",_xlfn.IFNA(VLOOKUP(A10,Pivot!A:B,2,0),"")) -> 10000 | D10: Sales | F10: =IF(_xlfn.IFNA(VLOOKUP(D10&E10,Pivot!E:F,2,0),"")=0,"",_xlfn.IFNA(VLOOKUP(D10&E10,Pivot!E:F,2,0),"")) -> 16 | H10: HR | I10: =IF(_xlfn.IFNA(VLOOKUP(H10,Pivot!I:L,2,0),"")=0,"",_xlfn.IFNA(VLOOKUP(H10,Pivot!I:L,2,0),"")) -> 4 | J10: =IF(_xlfn.IFNA(VLOOKUP(H10,Pivot!I:K,3,0),"")=0,"",_xlfn.IFNA(VLOOKUP(H10,Pivot!I:K,3,0),"")) -> 4 | M10: Pl-400 | N10: =IF(_xlfn.IFNA(VLOOKUP(M10,Pivot!N:O,2,0),"")=0,"",_xlfn.IFNA(VLOOKUP(M10,Pivot!N:O,2,0),"")) -> 1
A11: Total | B11: =SUM(B7:B10) -> 532000 | D11: Tech | E11: AI | F11: =IF(_xlfn.IFNA(VLOOKUP(D11&E11,Pivot!E:F,2,0),"")=0,"",_xlfn.IFNA(VLOOKUP(D11&E11,Pivot!E:F,2,0),"")) -> 16 | H11: Total | I11: =SUM(I7:I10) -> 14 | J11: =SUM(J7:J10) -> 34 | M11: PL-500 | N11: =IF(_xlfn.IFNA(VLOOKUP(M11,Pivot!N:O,2,0),"")=0,"",_xlfn.IFNA(VLOOKUP(M11,Pivot!N:O,2,0),""))
D12: Tech | E12: Non-AI | F12: =IF(_xlfn.IFNA(VLOOKUP(D12&E12,Pivot!E:F,2,0),"")=0,"",_xlfn.IFNA(VLOOKUP(D12&E12,Pivot!E:F,2,0),"")) -> 16 | M12: PL-600 | N12: =IF(_xlfn.IFNA(VLOOKUP(M12,Pivot!N:O,2,0),"")=0,"",_xlfn.IFNA(VLOOKUP(M12,Pivot!N:O,2,0),""))
D13: Totoal | F13: =SUM(F7:F12) -> 133 | M13: PL-700 | N13: =IF(_xlfn.IFNA(VLOOKUP(M13,Pivot!N:O,2,0),"")=0,"",_xlfn.IFNA(VLOOKUP(M13,Pivot!N:O,2,0),""))
M14: PL-800 | N14: =IF(_xlfn.IFNA(VLOOKUP(M14,Pivot!N:O,2,0),"")=0,"",_xlfn.IFNA(VLOOKUP(M14,Pivot!N:O,2,0),"")) -> 1
M15: PL-900 | N15: =IF(_xlfn.IFNA(VLOOKUP(M15,Pivot!N:O,2,0),"")=0,"",_xlfn.IFNA(VLOOKUP(M15,Pivot!N:O,2,0),"")) -> 2
M16: A360 Advanced | N16: =IF(_xlfn.IFNA(VLOOKUP(M16,Pivot!N:O,2,0),"")=0,"",_xlfn.IFNA(VLOOKUP(M16,Pivot!N:O,2,0),"")) -> 1
M17: A360 Master | N17: =IF(_xlfn.IFNA(VLOOKUP(M17,Pivot!N:O,2,0),"")=0,"",_xlfn.IFNA(VLOOKUP(M17,Pivot!N:O,2,0),"")) -> 4
M18: ASD01 | N18: =IF(_xlfn.IFNA(VLOOKUP(M18,Pivot!N:O,2,0),"")=0,"",_xlfn.IFNA(VLOOKUP(M18,Pivot!N:O,2,0),"")) -> 1
M19: ASDEV01 | N19: =IF(_xlfn.IFNA(VLOOKUP(M19,Pivot!N:O,2,0),"")=0,"",_xlfn.IFNA(VLOOKUP(M19,Pivot!N:O,2,0),"")) -> 2
M20: UiARD | N20: =IF(_xlfn.IFNA(VLOOKUP(M20,Pivot!N:O,2,0),"")=0,"",_xlfn.IFNA(VLOOKUP(M20,Pivot!N:O,2,0),""))
M21: UiRPA | N21: =IF(_xlfn.IFNA(VLOOKUP(M21,Pivot!N:O,2,0),"")=0,"",_xlfn.IFNA(VLOOKUP(M21,Pivot!N:O,2,0),"")) -> 1
M22: Total | N22: =SUM(N7:N21) -> 30

Sheet Pivot
A1: 1 | E1: 2 | I1: 3 | N1: 4
A2: Certified Date | B2: (多项)
A3: Is Active | B3: Yes | N3: Certified Date | O3: (多项)
A4: CertValidation | B4: Valid | E4: Join Date | F4: (多项) | I4: Roll Off Date | J4: (多项) | N4: Is Active | O4: Yes
N5: CertValidation | O5: Valid
A6: 行标签 | B6: Sum of Points | E6: 行标签 | F6: Count of EID | I6: Count of EID | J6: 列标签
A7: Finance | B7: 491500 | E7: FinanceFinance1 | F7: 49 | I7: 行标签 | J7: Transfer | K7: Resign | L7: 总计 | N7: 行标签 | O7: Count of EID
A8: HR | B8: 10000 | E8: FinanceFinance2 | F8: 14 | I8: Finance | J8: 5 | K8: 13 | L8: 18 | N8: A360 Advanced | O8: 1
A9: Sales | B9: 30500 | E9: HR | F9: 22 | I9: HR | J9: 4 | K9: 4 | L9: 8 | N9: A360 Master | O9: 4
A10: 总计 | B10: 532000 | E10: Sales | F10: 16 | I10: Sales | J10: 1 | K10: 5 | L10: 6 | N10: ASD01 | O10: 1
E11: TechAI | F11: 16 | I11: Tech | J11: 4 | K11: 12 | L11: 16 | N11: ASDEV01 | O11: 2
E12: TechNon-AI | F12: 16 | I12: 总计 | J12: 14 | K12: 34 | L12: 48 | N12: PL-100 | O12: 14
E13: 总计 | F13: 133 | N13: PL-300 | O13: 2
N14: PL-400 | O14: 1
N15: PL-800 | O15: 1
N16: PL-900 | O16: 2
N17: UiRPA | O17: 1
N18: PL-200 | O18: 1
N19: 总计 | O19: 30

Sheet Version
A1: TECHNOLOGY | B1: Cetification Version | C1: Difficulty | D1: Merge | E1: Points
A2: AA | B2: A360 Advanced | C2: Advanced | D2: AAAdvanced | E2: 500
A3: AA | B3: A360 Master | C3: Master | D3: AAMaster | E3: 10000
A4: BP | B4: ASDEV01 | C4: Medium | D4: BPMedium | E4: 500
A5: BP | B5: ASD01 | C5: Medium | D5: BPMedium | E5: 500
A6: BP | B6: AD01 | C6: Advanced | D6: BPAdvanced | E6: 300
A7: BP | B7: APD01 | C7: Master | D7: BPMaster | E7: 5000
A8: UiPath | B8: UiADA | C8: Medium | D8: UiPathMedium | E8: 500
A9: UiPath | B9: UiARD | C9: Medium | D9: UiPathMedium | E9: 500
A10: PowerPlatform | B10: PL-200 | C10: Master | D10: PowerPlatformMaster | E10: 30000
A11: PowerPlatform | B11: PL-300 | C11: Master | D11: PowerPlatformMaster | E11: 30000
A12: PowerPlatform | B12: PL-400 | C12: Master | D12: PowerPlatformMaster | E12: 30000
A13: PowerPlatform | B13: PL-500 | C13: Master | D13: PowerPlatformMaster | E13: 30000
... A16: PowerPlatform | B16: PL-900 | C16: Advanced | D16: PowerPlatformAdvanced | E16: 5000
A17: PMP | B17: PMP | C17: Master | D17: PMPMaster
A18: Azure | B18: AZ-104 | C18: Master | D18: AzureMaster | E18: 3000
A19: Azure | B19: AZ-204 | C19: Master | D19: AzureMaster | E19: 3000
A20: Azure | B20: AZ-303 | C20: Master | D20: AzureMaster | E20: 3000
A21: Azure | B21: AZ-304 | C21: Master | D21: AzureMaster | E21: 3000
A22: Azure | B22: AZ-305 | C22: Master | D22: AzureMaster | E22: 3000
A23: Azure | B23: AZ-400 | C23: Master | D23: AzureMaster | E23: 3000
A24: Azure | B24: AZ-500 | C24: Master | D24: AzureMaster | E24: 3000
A25: Azure | B25: AZ-600 | C25: Master | D25: AzureMaster | E25: 3000
A26: Azure | B26: AZ-700 | C26: Master | D26: AzureMaster | E26: 3000
A27: Azure | B27: AZ-900 | C27: Master | D27: AzureMaster | E27: 3000
A28: Azure | B28: AI-102 | C28: Master | D28: AzureMaster | E28: 3000
A29: Azure | B29: AI-109 | C29: Master | D29: AzureMaster | E29: 3000
... A33: Azure | B33: DA-100 | C33: Master | D33: AzureMaster | E33: 3000

Sheet CL
A1: EID | B1: Career Level
A2: X1 | B2: 8
A3: X10 | B3: 10
A4: X100 | B4: 13
A5: X101 | B5: 13
A6: X102 | B6: 13
A7: X103 | B7: 13
A8: X104 | B8: 13
A9: X105 | B9: 13
A10: X106 | B10: 12
A11: X107 | B11: 12
A12: X108 | B12: 12
... A136: X99 | B136: 13

Sheet CertTracker
A1: Certification Name | B1: Version | C1: Certified Date | D1: EID | E1: CertUpload | F1: CertValidation | G1: Points
A2: AA | B2: A360 Advanced | C2: 44672 | D2: X1 | E2: Yes | F2: Valid | G2: 500
A3: AA | B3: A360 Master | C3: 44897 | D3: X10 | E3: Yes | F3: Valid | G3: 10000
A4: BP | B4: ASD01 | C4: 44609 | D4: X4 | E4: Yes | F4: Valid | G4: 500
A5: BP | B5: ASD01 | C5: 44609 | D5: X13 | E5: Yes | F5: Valid | G5: 500
A6: BP | B6: ASD01 | C6: 44609 | D6: X15 | E6: Yes | F6: Valid | G6: 500
A7: BP | B7: ASD01 | C7: 44609 | D7: X27 | E7: Yes | F7: Valid | G7: 500
A8: BP | B8: ASD01 | C8: 44609 | D8: X31 | E8: Yes | F8: Valid | G8: 500
A9: BP | B9: ASDEV01 | C9: 44530 | D9: X8 | E9: Yes | F9: Valid | G9: 500
A10: BP | B10: ASDEV01 | C10: 44530 | D10: X34 | E10: Yes | F10: Valid | G10: 500
A11: BP | B11: ASDEV01 | C11: 44530 | D11: X36 | E11: Yes | F11: Valid | G11: 500
A12: BP | B12: ASDEV01 | C12: 44530 | D12: X44 | E12: Yes | F12: Valid | G12: 500
A13: BP | B13: ASDEV01 | C13: 44530 | D13: X46 | E13: Yes | F13: Valid | G13: 500
... A31: PowerApp | B31: PL-100 | C31: 44530 | D31: X52 | E31: Yes | F31: Valid | G31: 30000
A32: PowerApp | B32: PL-200 | C32: 44609 | D32: X111 | E32: Yes | F32: Valid
A33: PowerApp | B33: PL-200 | C33: 44559 | D33: X24 | E33: Yes | F33: Valid
A34: PowerApp | B34: PL-200 | C34: 44949 | D34: X25 | E34: Yes | F34: Invalid
A35: PowerApp | B35: PL-100 | C35: 44530 | D35: X53 | E35: Yes | F35: Valid | G35: 30000
A36: PowerApp | B36: PL-100 | C36: 44530 | D36: X54 | E36: Yes | F36: Valid | G36: 30000
A37: PowerApp | B37: PL-100 | C37: 44530 | D37: X55 | E37: Yes | F37: Valid | G37: 30000
A38: PowerApp | B38: PL-100 | C38: 44530 | D38: X56 | E38: Yes | F38: Valid | G38: 30000
A39: PowerApp | B39: PL-100 | C39: 44530 | D39: X57 | E39: Yes | F39: Valid | G39: 30000
A40: PowerApp | B40: PL-100 | C40: 44530 | D40: X58 | E40: Yes | F40: Valid | G40: 30000
A41: PowerApp | B41: PL-100 | C41: 44530 | D41: X59 | E41: Yes | F41: Valid | G41: 30000
A42: PowerBI | B42: PL-300 | C42: 44949 | D42: X3 | E42: Yes | F42: Valid | G42: 30000
A43: PowerBI | B43: Pl-300 | C43: 44711 | D43: X7 | E43: Yes | F43: Valid
A44: PowerBI | B44: Pl-300 | C44: 44897 | D44: X12 | E44: Yes | F44: Valid
A45: PowerBI | B45: Pl-300 | C45: 44609 | D45: X26 | E45: Yes | F45: Invalid
A46: PowerBI | B46: PL-600 | C46: 44958 | D46: X30 | E46: Yes | F46: Invalid | G46: 30000
A47: PowerBI | B47: PL-700 | C47: 44958 | D47: X33 | E47: Yes | F47: Valid
A48: PowerBI | B48: PL-800 | C48: 44958 | D48: X43 | E48: Yes | F48: Valid
A49: PowerAuto | B49: PL-900 | C49: 44559 | D49: X5 | E49: Yes | F49: Valid | G49: 5000
A50: PowerAuto | B50: PL-900 | C50: 44897 | D50: X9 | E50: Yes | F50: Valid | G50: 5000
A51: PowerAuto | B51: PL-900 | C51: 44609 | D51: X14 | E51: Yes | F51: Valid | G51: 5000
A52: PowerAuto | B52: PL-900 | C52: 44609 | D52: X16 | E52: Yes | F52: Valid | G52: 5000
A53: PowerAuto | B53: PL-900 | C53: 44562 | D53: X28 | E53: Yes | F53: Invalid | G53: 5000
A54: PowerAuto | B54: PL-900 | C54: 44958 | D54: X35 | E54: Yes | F54: Valid | G54: 5000
A55: PowerAuto | B55: PL-500 | C55: 44562 | D55: X37 | E55: Yes | F55: Valid | G55: 30000
A56: PowerAuto | B56: PL-500 | C56: 44958 | D56: X45 | E56: Yes | F56: Valid | G56: 30000
A57: PowerAuto | B57: PL-500 | C57: 44562 | D57: X47 | E57: Yes | F57: Valid | G57: 30000
A58: Uipath | B58: UiARD | C58: 44897 | D58: X11 | E58: Yes | F58: Valid | G58: 500
A59: Uipath | B59: UiRPA | C59: 44681 | D59: X2 | E59: Yes | F59: Valid
A60: AA | B60: A360 Advanced | C60: 44958 | D60: X119 | E60: Yes | F60: Valid | G60: 500
A61: AA | B61: A360 Master | C61: 44958 | D61: X120 | E61: Yes | F61: Valid | G61: 10000
A62: AA | B62: A360 Master | C62: 44958 | D62: X121 | E62: Yes | F62: Valid | G62: 10000
A63: AA | B63: A360 Master | C63: 44958 | D63: X122 | E63: Yes | F63: Valid | G63: 10000
A64: AA | B64: A360 Master | C64: 44958 | D64: X123 | E64: Yes | F64: Valid | G64: 10000
A65: AA | B65: A360 Master | C65: 44958 | D65: X124 | E65: Yes | F65: Valid | G65: 10000
A66: AA | B66: A360 Master | C66: 44958 | D66: X125 | E66: Yes | F66: Valid | G66: 10000
A67: AA | B67: A360 Master | C67: 44958 | D67: X126 | E67: Yes | F67: Valid | G67: 10000
A68: AA | B68: A360 Master | C68: 44958 | D68: X127 | E68: Yes | F68: Valid | G68: 10000
A69: AA | B69: A360 Master | C69: 44958 | D69: X128 | E69: Yes | F69: Valid | G69: 10000
A70: AA | B70: A360 Master | C70: 44958 | D70: X129 | E70: Yes | F70: Valid | G70: 10000
A71: AA | B71: A360 Master | C71: 44958 | D71: X130 | E71: Yes | F71: Valid | G71: 10000

Sheet CertDifficulty
A1: Technology | B1: Difficulty | C1: Points | D1: Merged
A2: AA | B2: Advanced | C2: 500 | D2: AAAdvanced
A3: AA | B3: Medium | C3: 1000 | D3: AAMedium
A4: AA | B4: Master | C4: 10000 | D4: AAMaster
A5: BP | B5: Advanced | C5: 300 | D5: BPAdvanced
A6: BP | B6: Medium | C6: 500 | D6: BPMedium
A7: BP | B7: Master | C7: 5000 | D7: BPMaster
A8: UiPath | B8: Advanced | C8: 200 | D8: UiPathAdvanced
A9: UiPath | B9: Medium | C9: 500 | D9: UiPathMedium
A10: UiPath | B10: Master | C10: 4000 | D10: UiPathMaster
A11: Azure | B11: Advanced | C11: 100 | D11: AzureAdvanced
A12: Azure | B12: Medium | C12: 200 | D12: AzureMedium
A13: Azure | B13: Master | C13: 3000 | D13: AzureMaster
... A16: PowerPlatform | B16: Master | C16: 30000 | D16: PowerPlatformMaster

Sheet ResourceInfo-Test
A1: Group | B1: SubTeam | C1: Group&SubTeam | D1: EID | E1: Employment Type | F1: Utilization Status | G1: Leave Start | H1: Leave End | I1: Join Date | J1: Is Active | K1: Roll Off Date | L1: Roll Off Reason | M1: Career Level | N1: Certification Name | O1: Version | P1: Certified Date | Q1: CertValidation | R1: Points
A2: Finance | B2: Finance1 | C2: FinanceFinance1 | D2: X1 | E2: Regular | F2: In Project (Digi) | I2: 43658 | J2: Yes | M2: 8 | N2: AA | O2: A360 Advanced | P2: 44672 | Q2: Valid | R2: 500
A3: Tech | B3: AI | C3: TechAI | D3: X25 | E3: Regular | F3: In Project (Digi) | I3: 42331 | J3: No | K3: 44986 | L3: Resign | M3: 5 | N3: PowerApp | O3: PL-200 | P3: 44949 | Q3: Invalid
A4: Finance | B4: Finance2 | C4: FinanceFinance2 | D4: X10 | E4: Regular | F4: In Project (Digi) | I4: 44705 | J4: Yes | M4: 10 | N4: AA | O4: A360 Master | P4: 44897 | Q4: Valid | R4: 10000
A5: Finance | B5: Finance1 | C5: FinanceFinance1 | D5: X2 | E5: Regular | F5: In Project (Digi) | I5: 43658 | J5: Yes | M5: 9 | N5: Uipath | O5: UiRPA | P5: 44681 | Q5: Valid
A6: Finance | B6: Finance1 | C6: FinanceFinance1 | D6: X4 | E6: Regular | F6: In Project (Digi) | I6: 43658 | J6: Yes | M6: 6 | N6: BP | O6: ASD01 | P6: 44609 | Q6: Valid | R6: 500
A7: Finance | B7: Finance1 | C7: FinanceFinance1 | D7: X6 | E7: Regular | F7: In Project (Digi) | I7: 43658 | J7: Yes | M7: 4 | N7: PowerApp | O7: PL-100 | P7: 44708 | Q7: Valid | R7: 30000
A8: Finance | B8: Finance2 | C8: FinanceFinance2 | D8: X13 | E8: Regular | F8: In Project (Digi) | I8: 44938 | J8: No | K8: 44986 | L8: Resign | M8: 6 | N8: BP | O8: ASD01 | P8: 44609 | Q8: Valid | R8: 500
A9: Finance | B9: Finance1 | C9: FinanceFinance1 | D9: X3 | E9: Regular | F9: In Project (Digi) | I9: 43658 | J9: Yes | M9: 6 | N9: PowerBI | O9: PL-300 | P9: 44949 | Q9: Valid | R9: 30000
A10: Finance | B10: Finance2 | C10: FinanceFinance2 | D10: X15 | E10: Regular | F10: In Project (Digi) | I10: 44938 | J10: No | K10: 44986 | L10: Resign | M10: 10 | N10: BP | O10: ASD01 | P10: 44609 | Q10: Valid | R10: 500
A11: Tech | B11: AI | C11: TechAI | D11: X26 | E11: Regular | F11: In Project (Digi) | I11: 42331 | J11: No | K11: 44986 | L11: Resign | M11: 7 | N11: PowerBI | O11: Pl-300 | P11: 44609 | Q11: Invalid
A12: Tech | B12: AI | C12: TechAI | D12: X27 | E12: Regular | F12: In Project (Digi) | I12: 42331 | J12: No | K12: 44721 | L12: Resign | M12: 9 | N12: BP | O12: ASD01 | P12: 44609 | Q12: Valid | R12: 500
A13: Tech | B13: AI | C13: TechAI | D13: X31 | E13: Contractor | F13: In Project (Digi) | I13: 42331 | J13: No | K13: 44986 | L13: Resign | M13: 6 | N13: BP | O13: ASD01 | P13: 44609 | Q13: Valid | R13: 500
A14: Tech | B14: AI | C14: TechAI | D14: X29 | E14: Regular | F14: In Project (Digi) | I14: 42331 | J14: No | K14: 44986 | L14: Resign | M14: 7 | N14: PowerApp | O14: PL-400 | P14: 44958 | Q14: Invalid | R14: 30000
A15: Finance | B15: Finance1 | C15: FinanceFinance1 | D15: X8 | E15: Regular | F15: In Project (Digi) | I15: 43658 | J15: Yes | M15: 6 | N15: BP | O15: ASDEV01 | P15: 44530 | Q15: Valid | R15: 500
A16: Finance | B16: Finance1 | C16: FinanceFinance1 | D16: X5 | E16: Regular | F16: In Project (Digi) | I16: 43658 | J16: Yes | M16: 9 | N16: PowerAuto | O16: PL-900 | P16: 44559 | Q16: Valid | R16: 5000
A17: Tech | B17: Non-AI | C17: TechNon-AI | D17: X34 | E17: Regular | F17: In Project (Digi) | I17: 42331 | J17: No | K17: 44986 | L17: Resign | M17: 13 | N17: BP | O17: ASDEV01 | P17: 44530 | Q17: Valid | R17: 500
A18: Finance | B18: Finance1 | C18: FinanceFinance1 | D18: X7 | E18: Regular | F18: In Project (Digi) | I18: 43658 | J18: Yes | M18: 7 | N18: PowerBI | O18: Pl-300 | P18: 44711 | Q18: Valid
A19: Tech | B19: Non-AI | C19: TechNon-AI | D19: X36 | E19: Regular | F19: In Project (Digi) | I19: 42005 | J19: No | K19: 44866 | L19: Transfer | M19: 13 | N19: BP | O19: ASDEV01 | P19: 44530 | Q19: Valid | R19: 500
A20: Finance | B20: Finance2 | C20: FinanceFinance2 | D20: X12 | E20: Regular | F20: In Project (Digi) | I20: 44308 | J20: No | K20: 44866 | L20: Transfer | M20: 7 | N20: PowerBI | O20: Pl-300 | P20: 44897 | Q20: Valid
A21: Sales | C21: Sales | D21: X44 | E21: Regular | F21: In Project (Digi) | I21: 42005 | J21: Yes | M21: 13 | N21: BP | O21: ASDEV01 | P21: 44530 | Q21: Valid | R21: 500
A22: HR | C22: HR | D22: X19 | E22: Regular | F22: In Project (Digi) | I22: 44938 | J22: No | K22: 44986 | L22: Resign | M22: 7
A23: Sales | C23: Sales | D23: X46 | E23: Regular | F23: In Project (Digi) | I23: 42005 | J23: No | K23: 44383 | L23: Resign | M23: 13 | N23: BP | O23: ASDEV01 | P23: 44530 | Q23: Valid | R23: 500
A24: HR | C24: HR | D24: X23 | E24: Regular | F24: In Project (Digi) | G24: 44811 | H24: 44837 | I24: 44378 | J24: No | K24: 44833 | L24: Transfer | M24: 7 | N24: PowerApp | O24: PL-400 | P24: 44609 | Q24: Valid | R24: 30000
A25: Finance | B25: Finance2 | C25: FinanceFinance2 | D25: X9 | E25: Regular | F25: In Project (Digi) | I25: 44454 | J25: Yes | M25: 8 | N25: PowerAuto | O25: PL-900 | P25: 44897 | Q25: Valid | R25: 5000
A26: Tech | B26: AI | C26: TechAI | D26: X30 | E26: Regular | F26: In Project (Digi) | I26: 42331 | J26: No | K26: 44721 | L26: Transfer | M26: 5 | N26: PowerBI | O26: PL-600 | P26: 44958 | Q26: Invalid | R26: 30000
A27: Tech | B27: Non-AI | C27: TechNon-AI | D27: X38 | E27: Regular | F27: In Project (Digi) | I27: 42005 | J27: No | K27: 44986 | L27: Resign | M27: 13 | N27: PowerApp | O27: PL-400 | P27: 44562 | Q27: Valid | R27: 30000
A28: Finance | B28: Finance2 | C28: FinanceFinance2 | D28: X11 | E28: Regular | F28: In Project (Digi) | I28: 44938 | J28: No | K28: 44986 | L28: Resign | M28: 11 | N28: Uipath | O28: UiARD | P28: 44897 | Q28: Valid | R28: 500
A29: Finance | B29: Finance2 | C29: FinanceFinance2 | D29: X14 | E29: Regular | F29: On Maternity Leave | I29: 44938 | J29: No | K29: 44721 | L29: Transfer | M29: 8 | N29: PowerAuto | O29: PL-900 | P29: 44609 | Q29: Valid | R29: 5000
A30: HR | C30: HR | D30: X17 | E30: Contractor | F30: In Project (Digi) | I30: 44938 | J30: No | K30: 44665 | L30: Resign | M30: 6
A31: Tech | B31: Non-AI | C31: TechNon-AI | D31: X39 | E31: Regular | F31: Deployed to Account/Client site | I31: 42005 | J31: No | K31: 43993 | L31: Resign | M31: 13 | N31: PowerApp | O31: PL-100 | P31: 44595 | Q31: Valid | R31: 30000
A32: Tech | B32: AI | C32: TechAI | D32: X28 | E32: Regular | F32: In Project (Digi) | I32: 42331 | J32: No | K32: 44721 | L32: Transfer | M32: 6 | N32: PowerAuto | O32: PL-900 | P32: 44562 | Q32: Invalid | R32: 5000
A33: Tech | B33: Non-AI | C33: TechNon-AI | D33: X40 | E33: Regular | F33: In Project (Digi) | I33: 42005 | J33: No | K33: 44986 | L33: Resign | M33: 13 | N33: PowerApp | O33: PL-100 | P33: 44530 | Q33: Valid | R33: 30000
A34: Finance | B34: Finance2 | C34: FinanceFinance2 | D34: X16 | E34: Regular | F34: In Project (Digi) | I34: 44938 | J34: No | K34: 44893 | L34: Resign | M34: 11 | N34: PowerAuto | O34: PL-900 | P34: 44609 | Q34: Valid | R34: 5000
A35: Sales | C35: Sales | D35: X41 | E35: Regular | F35: In Project (Digi) | I35: 42005 | J35: No | K35: 44986 | L35: Resign | M35: 13 | N35: PowerApp | O35: PL-100 | P35: 44530 | Q35: Valid | R35: 30000
A36: Sales | C36: Sales | D36: X42 | E36: Regular | F36: In Project (Digi) | I36: 42005 | J36: Yes | M36: 13 | N36: PowerApp | O36: PL-100 | P36: 44530 | Q36: Valid | R36: 30000
A37: HR | C37: HR | D37: X18 | E37: Regular | F37: In Project (Digi) | I37: 44938 | J37: No | K37: 44986 | L37: Resign | M37: 9
A38: Sales | C38: Sales | D38: X48 | E38: Regular | F38: In Project (Digi) | I38: 42005 | J38: No | K38: 44866 | L38: Resign | M38: 13 | N38: PowerApp | O38: PL-100 | P38: 44562 | Q38: Valid | R38: 30000
A39: HR | C39: HR | D39: X20 | E39: Regular | F39: In Project (Digi) | I39: 44938 | J39: No | K39: 44477 | L39: Transfer | M39: 9
A40: Finance | B40: Finance1 | C40: FinanceFinance1 | D40: X49 | E40: Regular | F40: In Project (Digi) | I40: 43658 | J40: No | K40: 43658 | L40: Resign | M40: 13 | N40: PowerApp | O40: PL-100 | P40: 44595 | Q40: Valid | R40: 30000
A41: HR | C41: HR | D41: X22 | E41: Regular | F41: In Project (Digi) | I41: 44075 | J41: No | K41: 44267 | L41: Transfer | M41: 8
A42: Finance | B42: Finance1 | C42: FinanceFinance1 | D42: X50 | E42: Regular | F42: In Project (Digi) | I42: 43658 | J42: Yes | M42: 13 | N42: PowerApp | O42: PL-100 | P42: 44530 | Q42: Valid | R42: 30000
A43: HR | C43: HR | D43: X21 | E43: Regular | F43: In Project (Digi) | I43: 44938 | J43: No | K43: 44986 | L43: Resign | M43: 11
A44: Finance | B44: Finance1 | C44: FinanceFinance1 | D44: X51 | E44: Regular | F44: In Project (Digi) | I44: 43658 | J44: Yes | M44: 13 | N44: PowerApp | O44: PL-100 | P44: 44530 | Q44: Valid | R44: 30000
A45: HR | C45: HR | D45: X24 | E45: Regular | F45: In Project (Digi) | I45: 42331 | J45: No | K45: 43100 | L45: Transfer | M45: 9 | N45: PowerApp | O45: PL-200 | P45: 44559 | Q45: Valid
A46: Finance | B46: Finance1 | C46: FinanceFinance1 | D46: X117 | E46: Regular | F46: In Project (Digi) | I46: 43658 | J46: Yes | M46: 10
A47: Finance | B47: Finance1 | C47: FinanceFinance1 | D47: X118 | E47: Regular | F47: In Project (Digi) | I47: 43658 | J47: Yes | M47: 10
A48: Finance | B48: Finance1 | C48: FinanceFinance1 | D48: X119 | E48: Regular | F48: In Project (Digi) | I48: 43658 | J48: No | K48: 44927 | L48: Resign | M48: 10 | N48: AA | O48: A360 Advanced | P48: 44958 | Q48: Valid | R48: 500
A49: Tech | B49: AI | C49: TechAI | D49: X32 | E49: Contractor | F49: In Project (Digi) | I49: 42331 | J49: No | K49: 44705 | L49: Resign | M49: 13
A50: Finance | B50: Finance1 | C50: FinanceFinance1 | D50: X120 | E50: Regular | F50: In Project (Digi) | I50: 43658 | J50: No | K50: 44958 | L50: Resign | M50: 10 | N50: AA | O50: A360 Master | P50: 44958 | Q50: Valid | R50: 10000
A51: Tech | B51: Non-AI | C51: TechNon-AI | D51: X33 | E51: Regular | F51: In Project (Digi) | I51: 42331 | J51: No | K51: 43466 | L51: Resign | M51: 13 | N51: PowerBI | O51: PL-700 | P51: 44958 | Q51: Valid
A52: Finance | B52: Finance1 | C52: FinanceFinance1 | D52: X121 | E52: Regular | F52: In Project (Digi) | I52: 43658 | J52: No | K52: 44986 | L52: Resign | M52: 10 | N52: AA | O52: A360 Master | P52: 44958 | Q52: Valid | R52: 10000
A53: Finance | B53: Finance1 | C53: FinanceFinance1 | D53: X122 | E53: Regular | F53: In Project (Digi) | I53: 43658 | J53: No | K53: 44927 | L53: Resign | M53: 10 | N53: AA | O53: A360 Master | P53: 44958 | Q53: Valid | R53: 10000
A54: Tech | B54: Non-AI | C54: TechNon-AI | D54: X35 | E54: Regular | F54: In Project (Digi) | I54: 42331 | J54: No | K54: 44986 | L54: Resign | M54: 13 | N54: PowerAuto | O54: PL-900 | P54: 44958 | Q54: Valid | R54: 5000
A55: Finance | B55: Finance1 | C55: FinanceFinance1 | D55: X123 | E55: Regular | F55: In Project (Digi) | I55: 43658 | J55: No | K55: 44927 | L55: Resign | M55: 10 | N55: AA | O55: A360 Master | P55: 44958 | Q55: Valid | R55: 10000
A56: Finance | B56: Finance1 | C56: FinanceFinance1 | D56: X124 | E56: Regular | F56: In Project (Digi) | I56: 43658 | J56: No | K56: 44927 | L56: Transfer | M56: 10 | N56: AA | O56: A360 Master | P56: 44958 | Q56: Valid | R56: 10000
A57: Tech | B57: Non-AI | C57: TechNon-AI | D57: X37 | E57: Regular | F57: In Project (Digi) | I57: 42005 | J57: No | K57: 44986 | L57: Resign | M57: 13 | N57: PowerAuto | O57: PL-500 | P57: 44562 | Q57: Valid | R57: 30000
A58: Finance | B58: Finance1 | C58: FinanceFinance1 | D58: X125 | E58: Regular | F58: In Project (Digi) | I58: 43658 | J58: No | K58: 44986 | L58: Transfer | M58: 10 | N58: AA | O58: A360 Master | P58: 44958 | Q58: Valid | R58: 10000
A59: Sales | C59: Sales | D59: X43 | E59: Regular | F59: In Project (Digi) | I59: 42005 | J59: Yes | M59: 13 | N59: PowerBI | O59: PL-800 | P59: 44958 | Q59: Valid
A60: Finance | B60: Finance1 | C60: FinanceFinance1 | D60: X126 | E60: Regular | F60: In Project (Digi) | I60: 43658 | J60: No | K60: 44986 | L60: Transfer | M60: 10 | N60: AA | O60: A360 Master | P60: 44958 | Q60: Valid | R60: 10000
A61: Finance | B61: Finance1 | C61: FinanceFinance1 | D61: X127 | E61: Regular | F61: In Project (Digi) | I61: 43658 | J61: No | K61: 44986 | L61: Transfer | M61: 10 | N61: AA | O61: A360 Master | P61: 44958 | Q61: Valid | R61: 10000
A62: Finance | B62: Finance1 | C62: FinanceFinance1 | D62: X128 | E62: Regular | F62: In Project (Digi) | I62: 43658 | J62: Yes | M62: 11 | N62: AA | O62: A360 Master | P62: 44958 | Q62: Valid | R62: 10000
A63: Sales | C63: Sales | D63: X45 | E63: Regular | F63: In Project (Digi) | I63: 42005 | J63: No | K63: 43916 | L63: Resign | M63: 13 | N63: PowerAuto | O63: PL-500 | P63: 44958 | Q63: Valid | R63: 30000
A64: Sales | C64: Sales | D64: X47 | E64: Contractor | F64: In Project (Digi) | I64: 42005 | J64: No | K64: 44383 | L64: Resign | M64: 13 | N64: PowerAuto | O64: PL-500 | P64: 44562 | Q64: Valid | R64: 30000
A65: Finance | B65: Finance1 | C65: FinanceFinance1 | D65: X129 | E65: Regular | F65: In Project (Digi) | I65: 43658 | J65: Yes | M65: 11 | N65: AA | O65: A360 Master | P65: 44958 | Q65: Valid | R65: 10000
A66: HR | C66: HR | D66: X130 | E66: Regular | F66: In Project (Digi) | I66: 43658 | J66: Yes | M66: 11 | N66: AA | O66: A360 Master | P66: 44958 | Q66: Valid | R66: 10000
A67: HR | C67: HR | D67: X131 | E67: Regular | F67: In Project (Digi) | I67: 43658 | J67: Yes | M67: 11
A68: HR | C68: HR | D68: X132 | E68: Regular | F68: In Project (Digi) | I68: 43658 | J68: Yes | M68: 11
A69: HR | C69: HR | D69: X133 | E69: Regular | F69: In Project (Digi) | I69: 43658 | J69: Yes | M69: 11
A70: HR | C70: HR | D70: X134 | E70: Regular | F70: In Project (Digi) | I70: 43658 | J70: Yes | M70: 11
A71: HR | C71: HR | D71: X135 | E71: Regular | F71: In Project (Digi) | I71: 43658 | J71: Yes | M71: 11
A72: Finance | B72: Finance1 | C72: FinanceFinance1 | D72: X106 | E72: Regular | F72: In Project (Digi) | I72: 43658 | J72: Yes | M72: 12
A73: Finance | B73: Finance1 | C73: FinanceFinance1 | D73: X52 | E73: Regular | F73: In Project (Digi) | I73: 43658 | J73: Yes | M73: 13 | N73: PowerApp | O73: PL-100 | P73: 44530 | Q73: Valid | R73: 30000
A74: Finance | B74: Finance1 | C74: FinanceFinance1 | D74: X107 | E74: Regular | F74: In Project (Digi) | I74: 43658 | J74: Yes | M74: 12
A75: Finance | B75: Finance1 | C75: FinanceFinance1 | D75: X53 | E75: Regular | F75: In Project (Digi) | I75: 43658 | J75: Yes | M75: 13 | N75: PowerApp | O75: PL-100 | P75: 44530 | Q75: Valid | R75: 30000
A76: Finance | B76: Finance1 | C76: FinanceFinance1 | D76: X108 | E76: Regular | F76: In Project (Digi) | I76: 43658 | J76: No | K76: 44927 | L76: Resign | M76: 12
A77: Finance | B77: Finance1 | C77: FinanceFinance1 | D77: X54 | E77: Regular | F77: In Project (Digi) | I77: 43658 | J77: No | K77: 44316 | L77: Resign | M77: 13 | N77: PowerApp | O77: PL-100 | P77: 44530 | Q77: Valid | R77: 30000
A78: Finance | B78: Finance1 | C78: FinanceFinance1 | D78: X109 | E78: Regular | F78: In Project (Digi) | I78: 43658 | J78: Yes | M78: 12
A79: Finance | B79: Finance1 | C79: FinanceFinance1 | D79: X55 | E79: Regular | F79: In Project (Digi) | I79: 43658 | J79: Yes | M79: 13 | N79: PowerApp | O79: PL-100 | P79: 44530 | Q79: Valid | R79: 30000
A80: Finance | B80: Finance1 | C80: FinanceFinance1 | D80: X110 | E80: Regular | F80: In Project (Digi) | I80: 43658 | J80: Yes | M80: 12 | N80: PowerApp | O80: PL-100 | P80: 44609 | Q80: Valid | R80: 30000
A81: Finance | B81: Finance1 | C81: FinanceFinance1 | D81: X56 | E81: Regular | F81: In Project (Digi) | I81: 43658 | J81: Yes | M81: 13 | N81: PowerApp | O81: PL-100 | P81: 44530 | Q81: Valid | R81: 30000
A82: Finance | B82: Finance1 | C82: FinanceFinance1 | D82: X111 | E82: Regular | F82: In Project (Digi) | I82: 43658 | J82: Yes | M82: 12 | N82: PowerApp | O82: PL-200 | P82: 44609 | Q82: Valid
A83: Finance | B83: Finance1 | C83: FinanceFinance1 | D83: X57 | E83: Regular | F83: In Project (Digi) | I83: 43658 | J83: Yes | M83: 13 | N83: PowerApp | O83: PL-100 | P83: 44530 | Q83: Valid | R83: 30000
A84: Finance | B84: Finance1 | C84: FinanceFinance1 | D84: X112 | E84: Regular | F84: In Project (Digi) | I84: 43658 | J84: Yes | M84: 12 | N84: PowerApp | O84: PL-100 | P84: 44609 | Q84: Valid | R84: 30000
A85: Finance | B85: Finance1 | C85: FinanceFinance1 | D85: X58 | E85: Regular | F85: In Project (Digi) | I85: 43658 | J85: Yes | M85: 13 | N85: PowerApp | O85: PL-100 | P85: 44530 | Q85: Valid | R85: 30000
A86: Finance | B86: Finance1 | C86: FinanceFinance1 | D86: X113 | E86: Regular | F86: In Project (Digi) | I86: 43658 | J86: No | K86: 44927 | L86: Resign | M86: 12 | N86: PowerApp | O86: PL-100 | P86: 44897 | Q86: Valid | R86: 30000
A87: Finance | B87: Finance1 | C87: FinanceFinance1 | D87: X59 | E87: Regular | F87: In Project (Digi) | I87: 43658 | J87: Yes | M87: 13 | N87: PowerApp | O87: PL-100 | P87: 44530 | Q87: Valid | R87: 30000
A88: Finance | B88: Finance1 | C88: FinanceFinance1 | D88: X114 | E88: Regular | F88: In Project (Digi) | I88: 43658 | J88: Yes | M88: 12 | N88: PowerApp | O88: PL-100 | P88: 44897 | Q88: Valid | R88: 30000
A89: Finance | B89: Finance1 | C89: FinanceFinance1 | D89: X60 | E89: Regular | F89: In Project (Digi) | I89: 43658 | J89: Yes | M89: 13
A90: Finance | B90: Finance1 | C90: FinanceFinance1 | D90: X115 | E90: Regular | F90: In Project (Digi) | I90: 43658 | J90: Yes | M90: 12 | N90: PowerApp | O90: PL-400 | P90: 44949 | Q90: Valid | R90: 30000
A91: Finance | B91: Finance1 | C91: FinanceFinance1 | D91: X61 | E91: Regular | F91: In Project (Digi) | I91: 43658 | J91: Yes | M91: 13
A92: Finance | B92: Finance1 | C92: FinanceFinance1 | D92: X116 | E92: Regular | F92: In Project (Digi) | I92: 43658 | J92: Yes | M92: 12
A93: Finance | B93: Finance1 | C93: FinanceFinance1 | D93: X62 | E93: Regular | F93: In Project (Digi) | I93: 43658 | J93: Yes | M93: 13
A94: Finance | B94: Finance1 | C94: FinanceFinance1 | D94: X63 | E94: Regular | F94: In Project (Digi) | I94: 43658 | J94: Yes | M94: 13
A95: Finance | B95: Finance2 | C95: FinanceFinance2 | D95: X64 | E95: Regular | F95: In Project (Digi) | I95: 44454 | J95: Yes | M95: 13
A96: Finance | B96: Finance2 | C96: FinanceFinance2 | D96: X65 | E96: Regular | F96: In Project (Digi) | I96: 44705 | J96: Yes | M96: 13
A97: Finance | B97: Finance2 | C97: FinanceFinance2 | D97: X66 | E97: Regular | F97: In Project (Digi) | I97: 44938 | J97: Yes | M97: 13
A98: Finance | B98: Finance2 | C98: FinanceFinance2 | D98: X67 | E98: Regular | F98: In Project (Digi) | I98: 44308 | J98: Yes | M98: 13
A99: Finance | B99: Finance2 | C99: FinanceFinance2 | D99: X68 | E99: Regular | F99: In Project (Digi) | I99: 44938 | J99: Yes | M99: 13
A100: Finance | B100: Finance2 | C100: FinanceFinance2 | D100: X69 | E100: Regular | F100: On Maternity Leave | I100: 44938 | J100: Yes | M100: 13
...
